{
    "HousePlant|2|2|0": {
        "position": {
            "x": 8.93080417733744,
            "y": 0.42520612478256226,
            "z": 2.8418986715687
        },
        "obs_type": "HousePlant"
    },
    "GarbageBag|2|3": {
        "position": {
            "x": 10.576429215850633,
            "y": 0.2789691686630249,
            "z": 4.30943537375361
        },
        "obs_type": "GarbageBag"
    },
    "Chair|3|0|1": {
        "position": {
            "x": 12.375250307310486,
            "y": 0.514128565788269,
            "z": 7.6918227791182066
        },
        "obs_type": "Chair"
    },
    "Chair|3|0|2": {
        "position": {
            "x": 13.136946262110138,
            "y": 0.514128565788269,
            "z": 7.208215689598706
        },
        "obs_type": "Chair"
    },
    "Chair|3|0|4": {
        "position": {
            "x": 12.375250307310486,
            "y": 0.514128565788269,
            "z": 6.724608600079206
        },
        "obs_type": "Chair"
    },
    "Chair|4|1|1": {
        "position": {
            "x": 6.678120562977186,
            "y": 0.5135809779167175,
            "z": 4.296349742370355
        },
        "obs_type": "Chair"
    },
    "Chair|4|1|2": {
        "position": {
            "x": 7.161727652496687,
            "y": 0.5135809779167175,
            "z": 3.5346537875707025
        },
        "obs_type": "Chair"
    },
    "Chair|4|1|3": {
        "position": {
            "x": 7.645334742016187,
            "y": 0.5135809779167175,
            "z": 4.296349742370355
        },
        "obs_type": "Chair"
    },
    "DogBed|4|2": {
        "position": {
            "x": 7.607968387084673,
            "y": 0.054420676082372665,
            "z": 6.959309769387129
        },
        "obs_type": "DogBed"
    },
    "FloorLamp|4|3": {
        "position": {
            "x": 4.253295230815553,
            "y": 0.9675791263580322,
            "z": 8.455356971740722
        },
        "obs_type": "FloorLamp"
    },
    "Chair|5|1|1": {
        "position": {
            "x": 1.5683909967587022,
            "y": 0.4016929268836975,
            "z": 4.417679364204407
        },
        "obs_type": "Chair"
    },
    "Chair|5|1|2": {
        "position": {
            "x": 0.9683909967587021,
            "y": 0.4016929268836975,
            "z": 5.463358728408814
        },
        "obs_type": "Chair"
    },
    "Chair|5|1|3": {
        "position": {
            "x": 0.368390996758702,
            "y": 0.4016929268836975,
            "z": 4.417679364204407
        },
        "obs_type": "Chair"
    },
    "FloorLamp|5|3": {
        "position": {
            "x": 2.8793114967299056,
            "y": 0.9318430423736572,
            "z": 8.483644293069839
        },
        "obs_type": "FloorLamp"
    },
    "Chair|6|2|1": {
        "position": {
            "x": 7.468090913132107,
            "y": 0.5340866446495056,
            "z": 9.968480987688512
        },
        "obs_type": "Chair"
    },
    "Chair|6|2|2": {
        "position": {
            "x": 7.468090913132107,
            "y": 0.5340866446495056,
            "z": 10.935695166727514
        },
        "obs_type": "Chair"
    },
    "Plunger|7|3": {
        "position": {
            "x": 10.421996780395508,
            "y": 0.2696691155433655,
            "z": 12.373148505926132
        },
        "obs_type": "Plunger"
    },
    "GarbageCan|9|2": {
        "position": {
            "x": 4.914106215531965,
            "y": 0.31416791677474976,
            "z": 14.24688422369957
        },
        "obs_type": "GarbageCan"
    },
    "ArmChair|10|2|0": {
        "position": {
            "x": 14.119093468696697,
            "y": 0.4530012011528015,
            "z": 15.388190526814856
        },
        "obs_type": "ArmChair"
    },
    "FloorLamp|10|2|1": {
        "position": {
            "x": 13.184976355014985,
            "y": 0.9515953063964844,
            "z": 15.388190526814856
        },
        "obs_type": "FloorLamp"
    },
    "GarbageCan|10|3": {
        "position": {
            "x": 15.600876646995545,
            "y": 0.28903907537460327,
            "z": 11.854461764487679
        },
        "obs_type": "GarbageCan"
    },
    "GarbageCan|11|2": {
        "position": {
            "x": 12.520019570907637,
            "y": 0.317589670419693,
            "z": 8.958491508483887
        },
        "obs_type": "GarbageCan"
    },
    "WashingMachine|11|3": {
        "position": {
            "x": 11.844984190209315,
            "y": 0.5724872350692749,
            "z": 9.131697241783142
        },
        "obs_type": "WashingMachine"
    },
    "Television|6|3": {
        "position": {
            "x": 4.704410391877498,
            "y": 1.5777058864221594,
            "z": 12.235349642723797
        },
        "obs_type": "Television"
    },
    "Television|2|4": {
        "position": {
            "x": 11.758980365846753,
            "y": 1.3523470985654074,
            "z": 5.221349642723799
        },
        "obs_type": "Television"
    },
    "Painting|5|4": {
        "position": {
            "x": 0.020870485454797746,
            "y": 2.0053870431846423,
            "z": 5.35645957863555
        },
        "obs_type": "Painting"
    },
    "Painting|5|5": {
        "position": {
            "x": 1.0147419682636114,
            "y": 1.9225185562009264,
            "z": 3.5278704854547978
        },
        "obs_type": "Painting"
    },
    "Painting|8|2": {
        "position": {
            "x": 3.494000348865986,
            "y": 1.7758241978187783,
            "z": 14.613842937922415
        },
        "obs_type": "Painting"
    },
    "Painting|8|3": {
        "position": {
            "x": 4.258620475187884,
            "y": 1.2047261734761934,
            "z": 12.294870485454798
        },
        "obs_type": "Painting"
    },
    "Painting|4|4": {
        "position": {
            "x": 8.232398169482376,
            "y": 1.181459938967615,
            "z": 8.74565
        },
        "obs_type": "Painting"
    },
    "Painting|4|5": {
        "position": {
            "x": 4.404703755708511,
            "y": 1.3972104059410881,
            "z": 3.5278704854547978
        },
        "obs_type": "Painting"
    },
    "Painting|6|4": {
        "position": {
            "x": 3.811447613973063,
            "y": 1.6438760279381543,
            "z": 12.259425275638698
        },
        "obs_type": "Painting"
    },
    "Painting|6|5": {
        "position": {
            "x": 8.850993880045657,
            "y": 1.2291774988644495,
            "z": 12.26039456450939
        },
        "obs_type": "Painting"
    },
    "Painting|9|3": {
        "position": {
            "x": 4.151649842184301,
            "y": 1.0290012857345037,
            "z": 17.514129514545203
        },
        "obs_type": "Painting"
    },
    "Painting|9|4": {
        "position": {
            "x": 5.536641367254641,
            "y": 1.1766565836083684,
            "z": 14.048870485454799
        },
        "obs_type": "Painting"
    },
    "Painting|7|4": {
        "position": {
            "x": 9.678215606740412,
            "y": 1.1032994701213947,
            "z": 12.294870485454798
        },
        "obs_type": "Painting"
    },
    "Painting|7|5": {
        "position": {
            "x": 7.034870485454798,
            "y": 1.1829252076649306,
            "z": 14.51087368169593
        },
        "obs_type": "Painting"
    },
    "Painting|2|5": {
        "position": {
            "x": 8.78410982259363,
            "y": 1.9115811482309506,
            "z": 0.603263771987286
        },
        "obs_type": "Painting"
    },
    "Painting|2|6": {
        "position": {
            "x": 15.762286416649818,
            "y": 1.3191265601914566,
            "z": 4.153753137002793
        },
        "obs_type": "Painting"
    },
    "Painting|3|4": {
        "position": {
            "x": 11.995358180102475,
            "y": 1.5999253490527356,