{
    "Box|4|2": {
        "position": {
            "x": 7.395076933609712,
            "y": 0.16232313215732574,
            "z": 0.27497135996818545
        },
        "obs_type": "Box"
    },
    "Plunger|5|2": {
        "position": {
            "x": 13.439996780395507,
            "y": 0.2696691155433655,
            "z": 1.7486661106671875
        },
        "obs_type": "Plunger"
    },
    "GarbageCan|6|2": {
        "position": {
            "x": 3.773025226617083,
            "y": 0.25000059604644775,
            "z": 7.542113917589187
        },
        "obs_type": "GarbageCan"
    },
    "Safe|6|4": {
        "position": {
            "x": 9.045110359898574,
            "y": 0.2526496648788452,
            "z": 7.430640506267547
        },
        "obs_type": "Safe"
    },
    "Chair|8|1|1": {
        "position": {
            "x": 6.678019889216037,
            "y": 0.38130950927734375,
            "z": 9.913828122627455
        },
        "obs_type": "Chair"
    },
    "GarbageCan|8|3": {
        "position": {
            "x": 3.6731139175891876,
            "y": 0.25000059604644775,
            "z": 13.262125493526458
        },
        "obs_type": "GarbageCan"
    },
    "Chair|9|0|1": {
        "position": {
            "x": 12.368077976673447,
            "y": 0.43746936321258545,
            "z": 8.859948749669426
        },
        "obs_type": "Chair"
    },
    "Chair|9|0|2": {
        "position": {
            "x": 12.816303629844988,
            "y": 0.43746936321258545,
            "z": 8.012789330609673
        },
        "obs_type": "Chair"
    },
    "Chair|9|0|3": {
        "position": {
            "x": 13.264529283016527,
            "y": 0.43746936321258545,
            "z": 8.859948749669426
        },
        "obs_type": "Chair"
    },
    "HousePlant|9|2|0": {
        "position": {
            "x": 8.157104474007069,
            "y": 0.4925673007965088,
            "z": 11.189515090680787
        },
        "obs_type": "HousePlant"
    },
    "Box|9|3": {
        "position": {
            "x": 13.283386380910873,
            "y": 0.14239534735679626,
            "z": 9.975207018981468
        },
        "obs_type": "Box"
    },
    "Television|6|5": {
        "position": {
            "x": 8.681162896400144,
            "y": 1.1185624124855829,
            "z": 3.95737480032444
        },
        "obs_type": "Television"
    },
    "Television|8|4": {
        "position": {
            "x": 0.06106792867183685,
            "y": 1.957370512324259,
            "z": 10.504228203269395
        },
        "obs_type": "Television"
    },
    "Television|9|4": {
        "position": {
            "x": 12.291624885964135,
            "y": 1.6812157197699884,
            "z": 11.566349642723798
        },
        "obs_type": "Television"
    },
    "Painting|4|3": {
        "position": {
            "x": 0.020870485454797746,
            "y": 1.747372224579494,
            "z": 3.3736687347109044
        },
        "obs_type": "Painting"
    },
    "Painting|4|4": {
        "position": {
            "x": 2.0008632872204775,
            "y": 1.730743508998608,
            "z": 3.8543945645093918
        },
        "obs_type": "Painting"
    },
    "Painting|4|5": {
        "position": {
            "x": 7.986981287627939,
            "y": 1.4053101662591727,
            "z": 0.014674623608589173
        },
        "obs_type": "Painting"
    },
    "Painting|6|6": {
        "position": {
            "x": 0.020870485454797746,
            "y": 1.9898666086491494,
            "z": 5.684485343802805
        },
        "obs_type": "Painting"
    },
    "Painting|6|7": {
        "position": {
            "x": 11.697629423849161,
            "y": 1.6537602503812057,
            "z": 7.7161295145452025
        },
        "obs_type": "Painting"
    },
    "Painting|6|8": {
        "position": {
            "x": 10.935598079608146,
            "y": 1.4875594574265176,
            "z": 7.7161295145452025
        },
        "obs_type": "Painting"
    },
    "Painting|6|9": {
        "position": {
            "x": 11.04440748586167,
            "y": 1.461414554848538,
            "z": 3.880999651134014
        },
        "obs_type": "Painting"
    },
    "Painting|8|5": {
        "position": {
            "x": 0.020870485454797746,
            "y": 2.1029135467453894,
            "z": 8.853604809023048
        },
        "obs_type": "Painting"
    },
    "Painting|8|6": {
        "position": {
            "x": 0.3911489137121439,
            "y": 1.5094171898961337,
            "z": 7.757870485454798
        },
        "obs_type": "Painting"
    },
    "Painting|8|7": {
        "position": {
            "x": 7.7161295145452025,
            "y": 1.3593969151465564,
            "z": 11.149882108718115
        },
        "obs_type": "Painting"
    },
    "Painting|9|5": {
        "position": {
            "x": 12.998131314057673,
            "y": 2.1049387100752543,
            "z": 7.754109822593629
        },
        "obs_type": "Painting"
    },
    "Painting|9|6": {
        "position": {
            "x": 9.077839887082467,
            "y": 1.4178126286907209,
            "z": 11.586286416649818
        },
        "obs_type": "Painting"
    },
    "Painting|5|3": {
        "position": {
            "x": 13.518129514545201,
            "y": 2.1055876814023984,
            "z": 0.8166174858844285
        },
        "obs_type": "Painting"
    },
    "Painting|5|4": {
        "position": {
            "x": 10.77438037880247,
            "y": 1.6990406179884228,
            "z": 3.84665
        },
        "obs_type": "Painting"
    }
}