{
    "Chair|2|0|1": {
        "position": {
            "x": 9.19072547622186,
            "y": 0.5136939287185669,
            "z": 12.333610017981886
        },
        "obs_type": "Chair"
    },
    "HousePlant|2|3|0": {
        "position": {
            "x": 6.663988581927416,
            "y": 0.44784826040267944,
            "z": 6.592994541585328
        },
        "obs_type": "HousePlant"
    },
    "GarbageBag|2|4": {
        "position": {
            "x": 10.593712823153243,
            "y": 0.2789691686630249,
            "z": 7.032326231806855
        },
        "obs_type": "GarbageBag"
    },
    "Chair|3|0|1": {
        "position": {
            "x": 2.36712202568708,
            "y": 0.5340867042541504,
            "z": 14.6483281419879
        },
        "obs_type": "Chair"
    },
    "ArmChair|3|1|2": {
        "position": {
            "x": 0.6057282563708202,
            "y": 0.46115586161613464,
            "z": 7.500994219541551
        },
        "obs_type": "ArmChair"
    },
    "DogBed|3|4": {
        "position": {
            "x": 3.9069585236600437,
            "y": 0.08761724829673767,
            "z": 11.616094718761213
        },
        "obs_type": "DogBed"
    },
    "Ottoman|3|5": {
        "position": {
            "x": 6.095359621286391,
            "y": 0.2423122376203537,
            "z": 4.590555219411851
        },
        "obs_type": "Ottoman"
    },
    "Chair|4|1|1": {
        "position": {
            "x": 5.570040125377623,
            "y": 0.4762629270553589,
            "z": 1.728538807740824
        },
        "obs_type": "Chair"
    },
    "Chair|4|1|2": {
        "position": {
            "x": 7.678205575473753,
            "y": 0.4762629270553589,
            "z": 1.7285388077408244
        },
        "obs_type": "Chair"
    },
    "Chair|4|1|3": {
        "position": {
            "x": 7.10309281061294,
            "y": 0.4762629270553589,
            "z": 2.32853999983372
        },
        "obs_type": "Chair"
    },
    "Chair|4|1|4": {
        "position": {
            "x": 7.055315447906169,
            "y": 0.4762629270553589,
            "z": 1.1285376156479285
        },
        "obs_type": "Chair"
    },
    "Chair|4|1|5": {
        "position": {
            "x": 6.184824502458387,
            "y": 0.4762629270553589,
            "z": 1.1285376156479285
        },
        "obs_type": "Chair"
    },
    "Chair|4|1|6": {
        "position": {
            "x": 6.188905272661592,
            "y": 0.4762629270553589,
            "z": 2.32853999983372
        },
        "obs_type": "Chair"
    },
    "Safe|4|2": {
        "position": {
            "x": 0.19232433438301086,
            "y": 0.15159158408641815,
            "z": 4.162712137460709
        },
        "obs_type": "Safe"
    },
    "Box|4|3": {
        "position": {
            "x": 0.1802167683839798,
            "y": 0.15055829286575317,
            "z": 3.6107858949247937
        },
        "obs_type": "Box"
    },
    "GarbageCan|5|2": {
        "position": {
            "x": 12.982880811255187,
            "y": 0.2089124321937561,
            "z": 4.1153578416109085
        },
        "obs_type": "GarbageCan"
    },
    "Chair|6|1|1": {
        "position": {
            "x": 5.854429810437464,
            "y": 0.41711342334747314,
            "z": 23.9656442140296
        },
        "obs_type": "Chair"
    },
    "Chair|6|1|2": {
        "position": {
            "x": 5.007270391377711,
            "y": 0.41711342334747314,
            "z": 23.517418560858058
        },
        "obs_type": "Chair"
    },
    "Chair|6|1|3": {
        "position": {
            "x": 5.854429810437464,
            "y": 0.41711342334747314,
            "z": 23.069192907686517
        },
        "obs_type": "Chair"
    },
    "DogBed|6|3": {
        "position": {
            "x": 2.296542613236231,
            "y": 0.054420676082372665,
            "z": 25.60385963024504
        },
        "obs_type": "DogBed"
    },
    "ArmChair|7|2|0": {
        "position": {
            "x": 7.3076275437423845,
            "y": 0.6352773904800415,
            "z": 28.70085405874252
        },
        "obs_type": "ArmChair"
    },
    "FloorLamp|7|2|1": {
        "position": {
            "x": 8.483635895495794,
            "y": 0.9302093982696533,
            "z": 28.70085405874252
        },
        "obs_type": "FloorLamp"
    },
    "Chair|7|3|1": {
        "position": {
            "x": 0.9106793642044069,
            "y": 0.5340867042541504,
            "z": 30.86001296360413
        },
        "obs_type": "Chair"
    },
    "Chair|7|3|2": {
        "position": {
            "x": 0.9106793642044066,
            "y": 0.5340867042541504,
            "z": 32.06001296360413
        },
        "obs_type": "Chair"
    },
    "Chair|8|2|1": {
        "position": {
            "x": 11.593822082727831,
            "y": 0.4374691843986511,
            "z": 16.15568015231786
        },
        "obs_type": "Chair"
    },
    "Chair|8|3|1": {
        "position": {
            "x": 11.068492517584488,
            "y": 0.41849905252456665,
            "z": 18.38500465691766
        },
        "obs_type": "Chair"
    },
    "GarbageCan|9|2": {
        "position": {
            "x": 2.121537812766773,
            "y": 0.2545985281467438,
            "z": 15.436978364944459
        },
        "obs_type": "GarbageCan"
    },
    "Plunger|9|3": {
        "position": {
            "x": 1.8036863415266569,
            "y": 0.2696691155433655,
            "z": 21.579996780395504
        },
        "obs_type": "Plunger"
    },
    "Painting|4|4": {
        "position": {
            "x": 5.463738197281832,
            "y": 1.4047888265868747,
            "z": 4.315129514545203
        },
        "obs_type": "Painting"
    },
    "Painting|4|5": {
        "position": {
            "x": 10.827000348865985,
            "y": 1.5409036155649956,
            "z": 0.6558772104700874
        },
        "obs_type": "Painting"
    },
    "Painting|4|6": {
        "position": {
            "x": 4.901450375475855,
            "y": 1.7861734579052024,
            "z": 0.020870485454797746
        },
        "obs_type": "Painting"
    },
    "Painting|4|7": {
        "position": {
            "x": 2.6591452161304368,
            "y": 1.6056291035305532,
            "z": 4.315129514545203
        },
        "obs_type": "Painting"
    },
    "Painting|3|6": {
        "position": {
            "x": 6.4903945645093915,
            "y": 1.9463449390605092,
            "z": 14.669908693358298
        },
        "obs_type": "Painting"
    },
    "Painting|3|7": {
        "position": {
            "x": 5.11924671393264,
            "y": 1.51041826178119,
            "z": 15.155129514545202
        },
        "obs_type": "Painting"
    },
    "Painting|9|4": {
        "position": {
            "x": 0.020870485454797746,
            "y": 1.6714740556374856,
            "z": 18.581025496195004
        },
        "obs_type": "Painting"
    },
    "Painting|9|5": {
        "position": {
            "x": 8.651129514545202,
            "y": 1.7403689270165343,
            "z": 20.775699903686764
        },
        "obs_type": "Painting"
    },
    "Painting|9|6": {
        "position": {
            "x": 5.949032075325766,
            "y": 1.258143287382342,
            "z": 15.19067462360859
        },
        "obs_type": "Painting"
    },
    "Painting|6|5": {
        "position": {
            "x": 0.020870485454797746,
            "y": 1.6354571593275058,
            "z": 25.447874513159285
        },
        "obs_type": "Painting"
    },
    "Painting|6|6": {
        "position": {
            "x": 4.2801473692406855,
            "y": 1.8104476275114756,
            "z": 21.693574724361298
        },
        "obs_type": "Painting"
    },
    "Painting|6|7": {
        "position": {
            "x": 10.486984369573763,
            "y": 1.4124283499344417,
            "z": 28.162129514545203
        },